Zone,Type,Location,Overrides,AP START 1
1.1,Smoke Detector,SubCell Fire Pump Rm,,
2.1,Smoke Detector,SubCell Compactor Rm,,
3.1,Smoke Detector,SubCell Lobby ByElev,,
4.1,Heat Detector,SubCell ByGarageDoor,,
5.1,Smoke Detector,SubCell ATS Room,,
6.1,Smoke Detector,SubCell Plumbing Rm,,
7.1,Smoke Detector,SubCell LowVoltageRm,,
8.1,Smoke Detect #1,SubCell ElectricalRm,,
9.1,Smoke Detect #2,SubCell ElectricalRm,,
10.1,Smoke Detector,SubCell BySouthExit,,
11.1,Dual Heat Det,SubCell Elev Lobby,,
12.1,Smoke Detector,1FL Lobby,,
13.1,Smoke Detector,1FL Above FCS,,
14.1,Dual Heat Det,1FL Elev Lobby,,
15.1,Smoke Detector,1FL South Stairs,,
16.1,Heat Detector,1FL GarageDoor,,
17.1,Duct Det Supply,2FL ERV D-2-1,,
18.1,Duct Det Return,2FL ERV D-2-1,,
19.1,Smoke Detector,2FL By North Exit,,
20.1,Dual Heat Det,2FL Elev Lobby,,
21.1,Smoke Detector,2FL ElectricMeterRm,,
22.1,Heat Detector,2FL By Garage Door,,
23.1,Smoke Detector,2FL OfficeAreaExit,,
24.1,Smoke Detector,2FL By South Exit,,
25.1,Smoke Detector,3FL ExitByElev,,
26.1,Dual Heat Det,3FL Elev Lobby,,
27.1,Smoke Detector,4FL ExitByElev,,
28.1,Dual Heat Det,4FL Elev Lobby,,
29.1,Smoke Detector,5FL ExitByElev,,
30.1,Dual Heat Det,5FL Elev Lobby,,
31.1,Smoke Detector,6FL ExitByElev,,
32.1,Dual Heat Det,6FL Elev Lobby,,
33.1,Smoke Detector,7FL ExitByElev,,
34.1,Dual Heat Det,7FL Elev Lobby,,
35.1,Smoke Detector,8FL ExitByElev,,
36.1,Dual Heat Det,8FL Elev Lobby,,
37.1,Smoke Detector,9FL ExitByElev,,
38.1,Dual Heat Det,9FL Elev Lobby,,
39.1,Smoke Detector,10FL ExitByElev,,
40.1,Dual Heat Det,10FL Elev Lobby,,
41.1,Smoke Detector,11FL ExitByElev,,
42.1,Dual Heat Det,11FL Elev Lobby,,
43.1,Smoke Detector,12FL ExitByElev,,
44.1,Dual Heat Det,12FL Elev Lobby,,
45.1,Smoke Detector,13FL ExitByElev,,
46.1,Dual Heat Det,13FL Elev Lobby,,
47.1,Smoke Detector,14FL ExitByElev,,
48.1,Dual Heat Det,14FL Elev Lobby,,
49.1,Smoke Detector,15FL ExitByElev,,
50.1,Dual Heat Det,15FL Elev Lobby,,
51.1,Smoke Detector,16FL ExitByElev,,
52.1,Dual Heat Det,16FL Elev Lobby,,
53.1,Smoke Detector,17FL ExitByElev,,
54.1,Dual Heat Det,17FL Elev Lobby,,
55.1,Smoke Detector,18FL ExitByElev,,
56.1,Dual Heat Det,18FL Elev Lobby,,
57.1,Smoke Detector,19FL ExitByElev,,
58.1,Dual Heat Det,19FL Elev Lobby,,
59.1,Smoke Detector,20FL ExitByElev,,
60.1,Dual Heat Det,20FL Elev Lobby,,
61.1,Smoke Detector,21FL ExitByElev,,
62.1,Dual Heat Det,21FL Elev Lobby,,
63.1,Smoke Detector,22FL ExitByElev,,
64.1,Dual Heat Det,22FL Elev Lobby,,
65.1,Smoke Detector,23FL ExitByElev,,
66.1,Dual Heat Det,23FL Elev Lobby,,
67.1,Smoke Detector,24FL ExitByElev,,
68.1,Dual Heat Det,24FL Elev Lobby,,
69.1,Smoke Detector,25FL ExitByElev,,
70.1,Dual Heat Det,25FL Elev Lobby,,
71.1,Smoke Detector,26FL ExitByElev,,
72.1,Dual Heat Det,26FL Elev Lobby,,
73.1,Smoke Detector,27FL ExitByElev,,
74.1,Dual Heat Det,27FL Elev Lobby,,
75.1,Smoke Detector,28FL ExitByElev,,
76.1,Dual Heat Det,28FL Elev Lobby,,
77.1,Smoke Detector,29FL ExitByElev,,
78.1,Dual Heat Det,29FL Elev Lobby,,
79.1,Dual Heat Det,30FL Elev Lobby,,
80.1,Smoke Detector,30FL ExitByElev,,
81.1,Dual Heat Det,BLKHD EMR Elev Lobby,,
82.1,Smoke Detector,Roof ExitByElev,,
83.1,Heat Detector,Roof HWH Rm,,
84.1,Smoke Detector,Roof Top Of Stair A,,
85.1,Smoke Detector,Roof Top Of Stair B,,
86.1,Smoke Detector,BLKHD EMRelecMeterRm,,
87.1,Dual Heat Det,Roof Elev Lobby,,
101.1,Valve Before,SubCell Fire Pump Rm,,
101.2,Valve After Meter,SubCell Fire Pump Rm,,
102.1,Bypass 1,SubCell Fire Pump Rm,,
102.2,Bypass 2,SubCell Fire Pump Rm,,
103.1,Pump Intake,SubCell Fire Pump Rm,,
103.2,Pump Discharge,SubCell Fire Pump Rm,,
104.1,Pump Running,SubCell Fire Pump Rm,,
104.2,Pump AC Fail,SubCell Fire Pump Rm,,
105.1,Pump Phase Reversal,SubCell Fire Pump Rm,,
106.1,Waterflow Main,SubCell Fire Pump Rm,,
106.2,Valve Main,SubCell Fire Pump Rm,,
107.1,Valve #1,SubCell Plumbing Rm,,
108.1,Valve #3,SubCell Plumbing Rm,,
109.1,Valve #4,SubCell Plumbing Rm,,
110.1,Dry System PS10,SubCell Compactor Rm,,
110.2,Dry System Valve,SubCell Compactor Rm,,
111.1,Dry Sys High Air,SubCell Compactor Rm,,
111.2,Dry Sys Low Air,SubCell Compactor Rm,,
112.1,Valve RCV,SubCell Compactor Rm,,
113.1,Waterflow,SubCell Compactor Rm,,
113.2,Valve Tamper,SubCell Compactor Rm,,
114.1,Valve Tamper,SubCell CenterStairs,,
115.1,Pull Station,SubCell Fire Pump Rm,,
116.1,Damper,SubCell By Elev,,
117.1,Damper,SubCell ByGarageDoor,,
118.1,Damper,SubCell ByExitSouth,,
119.1,Waterflow,1FL CenterStairs,,
119.2,Valve Tamper,1FL CenterStairs,,
120.1,Damper,1FL ByExitSouth,,
121.1,Damper,1FL By FCS,,
122.1,Damper,1FL By Garage Door,,
123.1,Waterflow,2FL CenterStairs,,
123.2,Valve Tamper,2FL CenterStairs,,
124.1,Damper,2FL BySouthExit,,
125.1,Damper,2FL By Elev,,
126.1,Damper,2FL CoworkingExit,,
127.1,Damper,2FL GarageDoor,,
128.1,Fan Shutdown,2FL ERV D-2-1,,
129.1,Damper,3FL By Elev,,
130.1,Waterflow,3FL Stairs,,
130.2,Valve Tamper,3FL Stairs,,
131.1,Damper,4FL By Elev,,
132.1,Waterflow,4FL Stairs,,
132.2,Valve Tamper,4FL Stairs,,
133.1,Damper,5FL By Elev,,
134.1,Waterflow,5FL Stairs,,
134.2,Valve Tamper,5FL Stairs,,
135.1,Damper,6FL By Elev,,
136.1,Waterflow,6FL Stairs,,
136.2,Valve Tamper,6FL Stairs,,
137.1,Damper,7FL By Elev,,
138.1,Waterflow,7FL Stairs,,
138.2,Valve Tamper,7FL Stairs,,
139.1,Damper,8FL By Elev,,
140.1,Waterflow,8FL Stairs,,
140.2,Valve Tamper,8FL Stairs,,
141.1,Damper,9FL By Elev,,
142.1,Waterflow,9FL Stairs,,
142.2,Valve Tamper,9FL Stairs,,
145.1,Damper,10FL ExitByElev,,
146.1,Section Valve,10FL Stairs A,,
147.1,Waterflow,10FL Stairs B,,
147.2,Valve Tamper,10FL Stairs B,,
148.1,Section Valve,10FL Stairs B,,
149.1,Damper,11FL ExitByElev,,
150.1,Waterflow,11FL Stairs B,,
150.2,Valve Tamper,11FL Stairs B,,
153.1,Damper,12FL ExitByElev,,
154.1,Waterflow,12FL Stairs B,,
154.2,Valve Tamper,12FL Stairs B,,
157.1,Damper,13FL ExitByElev,,
158.1,Waterflow,13FL Stairs B,,
158.2,Valve Tamper,13FL Stairs B,,
161.1,Damper,14FL ExitByElev,,
162.1,Waterflow,14FL Stairs B,,
162.2,Valve Tamper,14FL Stairs B,,
165.1,Damper,15FL ExitByElev,,
166.1,Waterflow,15FL Stairs B,,
166.2,Valve Tamper,15FL Stairs B,,
169.1,Damper,16FL ExitByElev,,
170.1,Waterflow,16FL Stairs B,,
170.2,Valve Tamper,16FL Stairs B,,
173.1,Damper,17FL ExitByElev,,
174.1,Waterflow,17FL Stairs B,,
174.2,Valve Tamper,17FL Stairs B,,
177.1,Damper,18FL ExitByElev,,
178.1,Waterflow,18FL Stairs B,,
178.2,Valve Tamper,18FL Stairs B,,
181.1,Damper,19FL ExitByElev,,
182.1,Waterflow,19FL Stairs B,,
182.2,Valve Tamper,19FL Stairs B,,
185.1,Damper,20FL ExitByElev,,
186.1,Waterflow,20FL Stairs B,,
186.2,Valve Tamper,20FL Stairs B,,
189.1,Damper,21FL ExitByElev,,
190.1,Waterflow,21FL Stairs B,,
190.2,Valve Tamper,21FL Stairs B,,
191.1,Section Valve,21FL Stairs B,,
192.1,Section Valve,21FL Stairs A,,
193.1,Damper,22FL ExitByElev,,
194.1,Waterflow,22FL Stairs B,,
194.2,Valve Tamper,22FL Stairs B,,
197.1,Damper,23FL ExitByElev,,
198.1,Waterflow,23FL Stairs B,,
198.2,Valve Tamper,23FL Stairs B,,
201.1,Damper,24FL ExitByElev,,
202.1,Waterflow,24FL Stairs B,,
202.2,Valve Tamper,24FL Stairs B,,
205.1,Damper,25FL ExitByElev,,
206.1,Waterflow,25FL Stairs B,,
206.2,Valve Tamper,25FL Stairs B,,
209.1,Damper,26FL ExitByElev,,
210.1,Waterflow,26FL Stairs B,,
210.2,Valve Tamper,26FL Stairs B,,
213.1,Damper,27FL ExitByElev,,
214.1,Waterflow,27FL Stairs B,,
214.2,Valve Tamper,27FL Stairs B,,
217.1,Damper,28FL ExitByElev,,
218.1,Waterflow,28FL Stairs B,,
218.2,Valve Tamper,28FL Stairs B,,
220.1,Damper,29FL ExitByElev,,
221.1,Waterflow,29FL Stairs B,,
221.2,Valve Tamper,29FL Stairs B,,
223.1,Damper,30FL ExitByElev,,
224.1,Waterflow,30FL Stairs B,,
224.2,Valve Tamper,30FL Stairs B,,
226.1,Damper,Roof ExitByElev,,
227.1,Damper,Roof TopOfStair A,,
228.1,Damper,Roof TopOfStair B,,
229.1,Normal Power Fault,BLKHD EMR,type=Non-latched Supervisory,
229.2,Emergency PWR Fault,BLKHD EMR,type=Non-latched Supervisory,
230.1,Vent Power Fault,BLKHD EMR,type=Non-latched Supervisory,
231.1,FSAE Shaft Light,BLKHD EMR,type=Relay,
232.1,Main Elev Recall,BLKHD EMR ,,
233.1,Alt. Elev Recall,BLKHD EMR,,
234.1,FAN EXHAUST,Roof PF D-R-1,,
235.1,FAN FRESH AIR,Roof PF D-R-1,,
236.1,FAN EXHAUST,Roof PF D-R-2,,
237.1,FAN FRESH AIR,Roof PF D-R-2,,
245.1,AES Radio Trouble, ,,
